{
    "bucketName": "familyhelperf03acaafaab7442580e190d99f92e45b",
    "authPolicyName": "s3_amplify_e918c556",
    "unauthPolicyName": "s3_amplify_e918c556",
    "authRoleName": {
        "Ref": "AuthRoleName"
    },
    "unauthRoleName": {
        "Ref": "UnauthRoleName"
    },
    "selectedGuestPermissions": [
        "s3:GetObject",
        "s3:ListBucket"
    ],
    "selectedAuthenticatedPermissions": [
        "s3:PutObject",
        "s3:GetObject",
        "s3:ListBucket",
        "s3:DeleteObject"
    ],
    "s3PermissionsAuthenticatedPublic": "s3:PutObject,s3:GetObject,s3:DeleteObject",
    "s3PublicPolicy": "Public_policy_38dc88e9",
    "s3PermissionsAuthenticatedUploads": "s3:PutObject",
    "s3UploadsPolicy": "Uploads_policy_38dc88e9",
    "s3PermissionsAuthenticatedProtected": "s3:PutObject,s3:GetObject,s3:DeleteObject",
    "s3ProtectedPolicy": "Protected_policy_3af6e172",
    "s3PermissionsAuthenticatedPrivate": "s3:PutObject,s3:GetObject,s3:DeleteObject",
    "s3PrivatePolicy": "Private_policy_3af6e172",
    "AuthenticatedAllowList": "ALLOW",
    "s3ReadPolicy": "read_policy_38dc88e9",
    "s3PermissionsGuestPublic": "s3:GetObject",
    "s3PermissionsGuestUploads": "DISALLOW",
    "GuestAllowList": "ALLOW",
    "triggerFunction": "NONE"
}