{
  "dev": {
    "awscloudformation": {
      "AuthRoleName": "amplify-familyhelper-dev-123846-authRole",
      "UnauthRoleArn": "arn:aws:iam::381100130943:role/amplify-familyhelper-dev-123846-unauthRole",
      "AuthRoleArn": "arn:aws:iam::381100130943:role/amplify-familyhelper-dev-123846-authRole",
      "Region": "us-east-2",
      "DeploymentBucketName": "amplify-familyhelper-dev-123846-deployment",
      "UnauthRoleName": "amplify-familyhelper-dev-123846-unauthRole",
      "StackName": "amplify-familyhelper-dev-123846",
      "StackId": "arn:aws:cloudformation:us-east-2:381100130943:stack/amplify-familyhelper-dev-123846/dac4e640-4e1c-11eb-ad92-02656012557c",
      "AmplifyAppId": "d3sb1on75f400s"
    },
    "categories": {
      "auth": {
        "familyhelper33118859": {}
      }
    }
  },
  "sns": {
    "awscloudformation": {
      "AuthRoleName": "amplify-familyhelper-sns-94509-authRole",
      "UnauthRoleArn": "arn:aws:iam::381100130943:role/amplify-familyhelper-sns-94509-unauthRole",
      "AuthRoleArn": "arn:aws:iam::381100130943:role/amplify-familyhelper-sns-94509-authRole",
      "Region": "us-east-1",
      "DeploymentBucketName": "amplify-familyhelper-sns-94509-deployment",
      "UnauthRoleName": "amplify-familyhelper-sns-94509-unauthRole",
      "StackName": "amplify-familyhelper-sns-94509",
      "StackId": "arn:aws:cloudformation:us-east-1:381100130943:stack/amplify-familyhelper-sns-94509/5edf9cc0-9721-11eb-96fe-0e30fc137e69",
      "AmplifyAppId": "d3jg2z8xl6fgn3"
    },
    "categories": {
      "auth": {
        "familyhelper33118859": {}
      }
    }
  }
}